Lease,Well Number,State,Formation/Reservoir, Initial Pressure Estimate (psi) , Reservoir Temperature (deg F) , Net Pay (ft) , Wellbore Diameter (ft) ,Porosity, Water Saturation , Oil Saturation , Gas Saturation , Gas Specific Gravity ,CO2, H2S ,N2,Condensate Yield (Bc/MMcf),Condensate Gravity (API), Dew Point Pressure (psi) ,Sep. Temperature (deg F),Sep. Pressure (psi), Oil Gravity (API) , Initial GOR (scf/bbl) , Bubble Point Pressure (psi) , TVD (ft) , Spacing ,# Stages,# Clusters ,# Clusters per Stage,Pre-Refrac Completion # Stages,Pre-Refrac Completion # Clusters ,Initian Completion # Clusters per Stage,# of Total Proppant (Lbs),Total Fluid (Bbls), Lateral Length (ft) , Top Perf (ft) , Bottom Perf (ft) , Sandface Temp (deg F) , Static Wellhead Temp (deg F) , Configuration ,Production Path,Pressure Loss Correlation, Tubing ID (in) , Tubing OD (in) , Tubing Depth (ft) , Casing ID 1 (in) , Casing Footage 1 (ft) , Casing ID 2 (in) , Casing Footage 2 (ft) , Casing Depth (ft) , Configuration Change (Days Since First Prod) ,Production Path,Pressure Loss Correlation, Tubing ID (in) , Tubing OD (in) , Tubing Depth (ft) , Casing ID 1 (in) , Casing Footage 1 (ft) , Casing ID 2 (in) , Casing Footage 2 (ft) , Casing Depth (ft) , Configuration Change (Days Since First Prod) ,Production Path,Pressure Loss Correlation, Tubing ID (in) , Tubing OD (in) , Tubing Depth (ft) , Casing ID 1 (in) , Casing Footage 1 (ft) , Casing ID 2 (in) , Casing Footage 2 (ft) , Casing Depth (ft) , Configuration Change (Days Since First Prod) ,Production Path,Pressure Loss Correlation, Tubing ID (in) , Tubing OD (in) , Tubing Depth (ft) , Casing ID 1 (in) , Casing Footage 1 (ft) , Casing ID 2 (in) , Casing Footage 2 (ft) , Casing Depth (ft) , Configuration Change (Days Since First Prod) ,Production Path,Pressure Loss Correlation, Tubing ID (in) , Tubing OD (in) , Tubing Depth (ft) , Casing ID 1 (in) , Casing Footage 1 (ft) , Casing ID 2 (in) , Casing Footage 2 (ft) , Casing Depth (ft) , Description 
OSPREY,1,TX,EAGLE FORD,5400,225,78,0.7,6.30%,26.00%,74.00%,0.00%,0.9513,2.17%,0.00%,0.45%,,37.29,1211,100,100,37.29,335.72,1211,7638.6,1400,28,252,9,20,60,3,13514540,275579,5883,8030,13913,225,70, Initial Config ,Casing,Beggs & Brill,,,,4,13965,,,13965,64,Pumping,Beggs & Brill,2.441,2.875,7022,6.276,7029,4,6936,13965,1101,Tubing,Beggs & Brill,2.441,2.875,6764,4.67,6941,2.992,6307,13248,1302,Gas Lift,Beggs & Brill,2.441,2.875,6825,4.67,6941,2.992,6307,13248,1602,Pumping,Beggs & Brill,2.441,2.875,6764,4.67,6941,2.992,6307,13248, Well began producing and was later recompleted with modern completion design. 
FALCON,2,TX,EAGLE FORD,5700,225,66,0.7,6.30%,27.00%,73.00%,0.00%,0.9936,2.17%,0.00%,0.45%,,34.6,1370,100,100,34.6,275.00,1370,7501.8758,1000,64,960,15,,,,35970960,559202,9997,7828,17825,225,60, Initial Config ,Tubing,Beggs & Brill,1.995,2.375,7595,4.778,7499,4.276,10541,18040,61,Gas Lift,Beggs & Brill,1.995,2.375,7595,4.778,7499,4.276,10541,18040,123,Tubing,Beggs & Brill,1.995,2.375,7595,4.778,7499,4.276,10541,18040,196,Gas Lift,Beggs & Brill,1.995,2.375,7595,4.778,7499,4.276,10541,18040,,,,,,,,,,,, Interior well on a 3-well pad that was shut-in due to market conditions. Interpreted well response showed increased productivity post shut-in period. 
HAWK,3,TX,EAGLE FORD,5650,225,67,0.7,6.30%,27.10%,72.90%,0.00%,0.9936,2.17%,0.00%,0.45%,,34.6,1370,100,100,34.6,275.00,1370,7516.6753,1000,68,1020,15,,,,38064782,596128,10672,7824,18496,225,60, Initial Config ,Tubing,Beggs & Brill,1.995,2.375,7325,4.778,7549,4.276,11060,18609,40,Gas Lift,Beggs & Brill,1.995,2.375,7325,4.778,7549,4.276,11060,18609,125,Tubing,Beggs & Brill,1.995,2.375,7325,4.778,7549,4.276,11060,18609,233,Gas Lift,Beggs & Brill,1.995,2.375,7325,4.778,7549,4.276,11060,18609,,,,,,,,,,,, Exterior well on a 3-well pad that was shut-in due to market conditions. Interpreted well response showed decreased productivity post shut-in period. 
EAGLE,4,TX,EAGLE FORD,5000,235,74,0.7,6.30%,27.00%,73.00%,0.00%,0.92,2.04%,0.00%,0.19%,,35.46,2122,100,100,35.46,557.90,2122,7890.81,Unbounded,50,450,9,,,,25267400,577003,7481,7958,15439,234,60, Initial Config ,Tubing,Beggs & Brill,2.441,2.875,7500,4.778,15493,,,15493,205,Gas Lift,Beggs & Brill,2.441,2.875,7500,4.778,15493,,,15493,,,,,,,,,,,,,,,,,,,,,,,,,,,,,,,,,, Single unbounded well with modern completion design. 
KITE,5,TX,EAGLE FORD,5000,238,56,0.7,5.00%,32.10%,67.90%,0.00%,0.72,0.00%,0.00%,0.00%,,43.58,3064,100,100,43.58,1034.70,3064,8846.83,1400,34,306,9,,,,18554774,360202,5086,9388,14474,235,65, Initial Config ,Tubing,Beggs & Brill,2.441,2.875,8332,4.67,8384,4.276,6138,14522,111,Gas Lift,Beggs & Brill,2.441,2.875,8332,4.67,8384,4.276,6138,14522,,,,,,,,,,,,,,,,,,,,,,,,,,,,,,,,,, Child well with modern completion design offsetting parent well with legacy completion design. 
SWIFT,6,TX,EAGLE FORD,5164,225,63,0.7,5.20%,33.10%,66.90%,0.00%,0.65,0.00%,0.00%,0.00%,,30,2125,100,100,30,637.70,2125,8549,1500,50,450,9,,,,27785630,591971,7479,8657,16136,225,70, Initial Config ,Tubing,Beggs & Brill,2.441,2.875,7626,4.67,7693,4.276,8509,16202,144,Gas Lift,Beggs & Brill,2.441,2.875,7626,4.67,7693,4.276,8509,16202,896,Pumping,Beggs & Brill,2.441,2.875,7626,4.67,7693,4.276,8509,16202,,,,,,,,,,,,,,,,,,,,,,, Exterior well on a 2-well pad with modern completion design. 
SPARROW,7,TX,EAGLE FORD,5164,225,62,0.7,5.20%,33.20%,66.80%,0.00%,0.65,0.00%,0.00%,0.00%,,30,2100,100,100,30,628.40,2100,8536.4,1500,49,441,9,,,,27550700,533414,7346,8683,16029,225,70, Initial Config ,Tubing,Beggs & Brill,2.441,2.875,7682,4.67,7559,4.276,8531,16090,156,Gas Lift,Beggs & Brill,2.441,2.875,7682,4.67,7559,4.276,8531,16090,887,Pumping,Beggs & Brill,2.441,2.875,7682,4.67,7559,4.276,8531,16090,,,,,,,,,,,,,,,,,,,,,,, Exterior well on a 2-well pad with modern completion design. 
LARK,8,TX,EAGLE FORD,5700,228,68,0.7,5.20%,36.30%,63.70%,0.00%,0.9,0.00%,0.00%,0.00%,,30,2455,100,100,30,762.28,2455,8779.86,800,50,450,9,,,,27024578,535169,7617,8582,16199,228,70, Initial Config ,Tubing,Beggs & Brill,2.441,2.875,8174,4.67,7975,4.276,8225,16200,122,Gas Lift,Beggs & Brill,2.441,2.875,8174,4.67,7975,4.276,8225,16200,438,Pumping,Beggs & Brill,2.441,2.875,8174,4.67,7975,4.276,8225,16200,,,,,,,,,,,,,,,,,,,,,,, Exterior well on a 3-well pad with modern completion design. 
CARDINAL,9,TX,EAGLE FORD,5900,228,67,0.7,5.20%,36.00%,64.00%,0.00%,0.9,0.00%,0.00%,0.00%,,30,2440,100,100,30,756.84,2440,8759,700,49,735,15,,,,26576840,542527,7574,8652,16226,228,70, Initial Config ,Tubing,Beggs & Brill,2.441,2.875,8211,4.67,8031,4.276,8259,16290,119,Gas Lift,Beggs & Brill,2.441,2.875,8211,4.67,8031,4.276,8259,16290,486,Pumping,Beggs & Brill,2.441,2.875,8211,4.67,8031,4.276,8259,16290,,,,,,,,,,,,,,,,,,,,,,, Exterior well on a 3-well pad with modern completion design. 
JAY,10,TX,EAGLE FORD,5700,228,67,0.7,5.20%,36.10%,60.20%,3.70%,0.65,0.00%,0.00%,0.00%,,30,2459,100,100,30,763.84,2459,8790.71,700,48,432,9,,,,25986000,519038,7624,8549,16173,227.9,70, Initial Config ,Tubing,Beggs & Brill,2.441,2.875,8050,4.67,7905,4.276,8302,16207,132,Gas Lift,Beggs & Brill,2.441,2.875,8050,4.67,7905,4.276,8302,16207,480,Pumping,Beggs & Brill,2.441,2.875,8050,4.67,7905,4.276,8302,16207,,,,,,,,,,,,,,,,,,,,,,, Interior well on a 3-well pad with modern completion design. 
CROW,11,TX,EAGLE FORD,5500,221,63,0.7,5.20%,32.10%,67.90%,0.00%,0.9,0.00%,0.00%,0.00%,,42.5,1764,100,100,42.5,513.07,1764,8420.2,1300,69,1035,15,,,,39020000,575663,10950,8221,19171,220,70, Initial Config ,Tubing,Beggs & Brill,1.995,2.375,8000,4.778,7940,4.276,11276,19216,24,Gas Lift,Beggs & Brill,1.995,2.375,8000,4.778,7940,4.276,11276,19216,216,Tubing,Beggs & Brill,1.995,2.375,8000,4.778,7940,4.276,11276,19216,248,Gas Lift,Beggs & Brill,1.995,2.375,8000,4.778,7940,4.276,11276,19216,,,,,,,,,,,, Child well that was codeveloped with adjacent well on a 2-well pad. Well was shut-in due to market conditions. Interpreted well response showed equivalent productivity post shut-in period. 
LORIKEET,62,LA,HAYNESVILLE SHALE,9939,285,268,0.7,8.80%,18.38%,0.00%,81.62%,0.58,0.02%,0.00%,0.00%,,30,9893,100,100,13321.8,,,11258.854,,10,69,7,,,,"3,591,544","77,278",4496,11253,15749,285.21375,120, Initial Config ,Casing,Gray,,,,4.67,15800,,,15800,50,Tubing,Gray,1.995,2.375,11225,4.67,15800,,,15800,,,,,,,,,,,,,,,,,,,,,,,,,,,,,,,,,, SNG; Unbounded legacy well 
MYNAH,63,LA,HAYNESVILLE SHALE,9800,351,208,0.7,8.84%,20.25%,0.00%,79.75%,0.582,2.46%,0.00%,0.05%,,30,,100,100,30,,,11781.86043,1000,74,517,7,,,,"23,245,567","400,805",11061,12142,23203,351,120, Initial Config ,Casing,Gray,,,,4.67,11134,4.28,12087,23220.8,,,,,,,,,,,,,,,,,,,,,,,,,,,,,,,,,,,,,,,,,,,,, CCD; Modern completions infilled between legacy parent wells. 
PARTRIDGE,64,LA,HAYNESVILLE SHALE,9900,351,209,0.7,8.84%,20.25%,0.00%,79.75%,0.583,2.45%,0.00%,0.05%,,30,,100,100,30,,,11675.9339,1000,74,510,7,,,,"22,963,009","391,277",10966,11902,22868,351,120, Initial Config ,Casing,Gray,,,,4.67,11005,4.28,11880,22885.2,,,,,,,,,,,,,,,,,,,,,,,,,,,,,,,,,,,,,,,,,,,,, CCD; Modern completions infilled between legacy parent wells. 
CASSOWARY,65,LA,HAYNESVILLE SHALE,12223,331,161,0.7,9.10%,19.07%,0.00%,80.93%,0.58,3.66%,0.00%,0.00%,,30,9800,100,100,21274.3,,,12162.941,1300,8,104,8,,,,"6,134,650","144,387",4185,12374,16559,331.2319,120, Initial Config ,Tubing,Gray,2.323,2.875,11968,4.67,16792,,,,,,,,,,,,,,,,,,,,,,,,,,,,,,,,,,,,,,,,,,,,,,,, PDB; CLS parent later offset by modern completion 
ORIOLE,66,LA,HAYNESVILLE SHALE,11325,343,166,0.7,8.56%,20.09%,0.00%,79.91%,0.593,3.81%,0.00%,0.04%,,30,,100,100,30,,,12509.62218,850,67,468,7,,,,"27,197,082","471,447",9948,12782,22730,300,120, Initial Config ,Casing,Gray,,,,4.67,11770,4.28,11136,22905,429,Tubing,Gray,1.995,2.375,12707,4.67,11770,4.28,11136,22905,,,,,,,,,,,,,,,,,,,,,,,,,,,,,,,,,, CCD; Modern 3 well development infilled between legacy parent wells. 
WARBLER,67,LA,HAYNESVILLE SHALE,11000,335,166,0.7,8.55%,20.09%,0.00%,79.91%,0.593,3.80%,0.00%,0.05%,,30,,100,100,30,,,12451.17264,850,60,419,7,,,,"25,082,774","454,354",9102,12722,21824,335,220.7, Initial Config ,Casing,Gray,,,,4.67,11708,4.28,10138,21846,429,Tubing,Gray,1.995,2.375,12707,4.67,11708,4.28,10138,21846,,,,,,,,,,,,,,,,,,,,,,,,,,,,,,,,,, CLD; Modern 3 well development infilled between legacy parent wells. 
HARPY,68,LA,HAYNESVILLE SHALE,11325,343,166,0.7,8.56%,20.09%,0.00%,79.91%,0.593,3.81%,0.00%,0.04%,,30,,100,100,30,,,12484.19028,850,65,452,7,,,,"26,976,378","483,046",9747,12780,22527,343,120, Initial Config ,Casing,Gray,,,,4.67,11819,4.28,10784,22602,431,Tubing,Gray,1.995,2.375,13077,4.67,11819,4.28,10784,22602,,,,,,,,,,,,,,,,,,,,,,,,,,,,,,,,,, CCD; Modern 3 well development infilled between legacy parent wells. 
BEE-EATER,69,LA,HAYNESVILLE SHALE,10000,379,165,0.7,9.10%,20.00%,0.00%,80.00%,0.589,3.38%,0.00%,0.09%,,30,,100,100,30,,,11965.4042,1050,63,440,7,,,,"26,397,928","450,784",9800,12340,21802,379,226.3, Initial Config ,Casing,Gray,,,,4.67,11477,4.276,10340,21817.6,,,,,,,,,,,,,,,,,,,,,,,,,,,,,,,,,,,,,,,,,,,,, CCD; Modern completion comparison for twin pair test. 
LOON,70,LA,HAYNESVILLE SHALE,10000,379,165,0.7,9.10%,20.00%,0.00%,80.00%,0.589,3.38%,0.00%,0.09%,,30,,100,100,30,,,11906.29912,1050,77,235,3,,,,"41,398,865","648,033",9800,12462,21730,343,223.6, Initial Config ,Casing,Gray,,,,4.67,11585,4.276,10161,21746.4,,,,,,,,,,,,,,,,,,,,,,,,,,,,,,,,,,,,,,,,,,,,, CLS; Wider CS & increase #/cl completion test 
CUCKOO,71,LA,BOSSIER SHALE ,10500,305,150,0.7,10.00%,20.00%,0.00%,80.00%,0.605,5.00%,0.00%,0.00%,,60,10,100,100,60,0,10,12064,,89,445,5,,,,"42,946,954","697,775",9764,12441,22205,305,120, Initial Config ,Casing,Gray,,,,4.548,22313,,,22313,426,Tubing,Gray,1.995,2.375,12577,4.548,22313,,,22313,,,,,,,,,,,,,,,,,,,,,,,,,,,,,,,,,, SNG; Bossier well 
ROOSTER,72,LA,HAYNESVILLE SHALE,10500,350,180,0.7,8.00%,20.00%,0.00%,80.00%,0.612,5.80%,0.00%,0.00%,,30,10500,100,100,30,,,12668,1250,47,235,5,,,,"26,632,739","530,797",5235,13153,18388,350,120, Initial Config ,Tubing,Gray,2.992,3.5,12136,4.67,18551,,,18551,,,,,,,,,,,,,,,,,,,,,,,,,,,,,,,,,,,,,,,,,,,,, CLS; Increase #/cl completion test 
ARCHAEOPTERYX,73,LA,HAYNESVILLE SHALE,10300,343,183,0.7,8.61%,21.00%,0.00%,79.00%,0.595,3.98%,0.00%,0.07%,,30,,100,100,30,,,12123.47,1050,66,462,7,,,,"20,836,790","395,488",9856,12503,22359,343,234, Initial Config ,Casing,Gray,,,,4.67,11514,4.28,10862,22376,,,,,,,,,,,,,,,,,,,,,,,,,,,,,,,,,,,,,,,,,,,,, CCD; Modern completions infilled between legacy parent wells. 
TERN,74,LA,HAYNESVILLE SHALE,10450,329,193,0.7,8.61%,21.00%,0.00%,79.00%,0.594,3.94%,0.00%,0.05%,,30,,100,100,30,,,12064.16,1050,66,462,7,,,,"20,748,830","378,185",9820,12470,22290,329,236, Initial Config ,Casing,Gray,,,,4.67,11421,4.28,10885,22306,,,,,,,,,,,,,,,,,,,,,,,,,,,,,,,,,,,,,,,,,,,,, CCD; Modern completions infilled between legacy parent wells. 
STILT,75,LA,HAYNESVILLE SHALE,10800,346,150,0.7,8.39%,22.90%,0.00%,77.10%,0.597,4.21%,0.00%,0.05%,,30,,100,100,30,,,12545.04973,850,66,457,7,,,,"20,374,069","362,937",9878,12609,22487,346,120, Initial Config ,Casing,Gray,,,,4.67,11468,4.276,11038,22505,,,,,,,,,,,,,,,,,,,,,,,,,,,,,,,,,,,,,,,,,,,,, CCD; Modern completions infilled between legacy parent wells. 
AVOCET,76,LA,HAYNESVILLE SHALE,11000,348,150,0.7,8.39%,22.90%,0.00%,77.10%,0.598,4.20%,0.00%,0.06%,,30,,100,100,30,,,12530.46466,850,64,448,7,,,,"20,174,551","340,291",9525,12653,22178,355,120, Initial Config ,Casing,Gray,,,,4.67,11576,4.276,10620,22196,,,,,,,,,,,,,,,,,,,,,,,,,,,,,,,,,,,,,,,,,,,,, CCD; Modern completions infilled between legacy parent wells. 
OSTRICH,23,PA,MARCELLUS,3486,115,102,0.7,7.00%,32.97%,0.13%,66.90%,0.57,0.00%,0.00%,0.00%,,30,20000,100,100,30,591.61,20000,5707.639,,13,65,5,,,,"                          7,194,425 ",,5210,5900,11110,115,65, Initial Config ,Tubing,Gray,2.441,2.875,5172,4.778,11238,,,11238,,,,,,,,,,,,,,,,,,,,,,,,,,,,,,,,,,,,,,,,,,,,," CLUSTER UNBOUND; Clean data, data suggest large drainage area, located in key Tier development Area "
EMU,24,PA,MARCELLUS,5531,143,132,0.7,6.35%,19.60%,0.00%,80.40%,0.57,0.00%,0.00%,0.00%,,30,,100,100,30,,,8489.07,1850,41,123,3,,,,"                       18,404,917 ",,6098,8547,14645,143.3666,60, Initial Config ,Casing,Gray,,,,4.778,14664,,,14664,236,Tubing,Gray,2.44,2.875,8574,4.778,14664,,,14664,,,,,,,,,,,,,,,,,,,,,,,,,,,,,,,,,, CLUSTER BOUND; Modern Completion design 
DUCK,25,PA,MARCELLUS,3900,137,134,0.7,6.94%,31.59%,0.00%,68.41%,0.57,0.00%,0.00%,0.00%,,30,,100,100,30,,,7543.37,1650,70,210,3,,,,"                          31,201,810 ",,10429,8236,18665,136.9428,60, Initial Config ,Casing,Gray,,,,4.778,18684,,,18684,,,,,,,,,,,,,,,,,,,,,,,,,,,,,,,,,,,,,,,,,,,,," PARENT; Modern Completion design, high IP, clean data, small portion depleted "
HERON,26,PA,MARCELLUS,3500,133,150,0.7,7.44%,22.94%,0.00%,77.06%,0.57,0.00%,0.00%,0.00%,,30,,100,100,30,,,7184.88,1500,31,153,4.94,,,,"                       12,051,645 ",,7404,7548,14952,133,80, Initial Config ,Casing,Gray,,,,4.778,15088,,,15088,,,,,,,,,,,,,,,,,,,,,,,,,,,,,,,,,,,,,,,,,,,,," CLUSTER BOUND; co-developed, single bounded depletion "
STORK,27,PA,MARCELLUS,3000,133,150,0.7,7.49%,21.03%,0.00%,78.97%,0.57,0.00%,0.00%,0.00%,,30,,100,100,30,,,7124.64,1400,23,112,4.87,,,,"                          8,680,895 ",,5610,7542,13152,133,80, Initial Config ,Casing,Gray,,,,4.778,13232,,,13232,,,,,,,,,,,,,,,,,,,,,,,,,,,,,,,,,,,,,,,,,,,,, CHILD BOUND; double bounded depletion 
SWAN,28,PA,MARCELLUS,4500,134,150,0.7,7.11%,31.08%,0.00%,68.92%,0.57,0.00%,0.00%,0.00%,,30,,100,100,30,,,7372,1300,42,208,4.95,,,,"                       16,477,745 ",,10299,7398,17697,134,80, Initial Config ,Casing,Gray,,,,4.778,17821,,,17821,,,,,,,,,,,,,,,,,,,,,,,,,,,,,,,,,,,,,,,,,,,,," CHILD BOUND; co-developed, single bound depletion "
PARROT,29,PA,MARCELLUS,4750,135,148,0.7,7.08%,30.93%,0.00%,69.07%,0.57,0.00%,0.00%,0.00%,,30,,100,100,30,,,7367.95,1250,39,193,4.95,,,,"                       15,197,373 ",,9520,7749,17269,135,80, Initial Config ,Casing,Gray,,,,4.778,17389,,,17389,,,,,,,,,,,,,,,,,,,,,,,,,,,,,,,,,,,,,,,,,,,,," PARENT; co-developed, no depletion "
CRANE,30,PA,MARCELLUS,5538,146,134,0.7,6.36%,34.84%,0.00%,65.16%,0.57,0.00%,0.00%,0.00%,,30,,100,100,30,,,8733.51,830,33,147,4.45,,,,"                                                    15,087,050 ",,7275,8910,16185,143.1292963,60, Initial Config ,Tubing,Gray,1.995,2.375,7804,4.778,16200,,,16200,,,,,,,,,,,,,,,,,,,,,,,,,,,,,,,,,,,,,,,,,,,,," CLUSTER UNBOUND; co-devoloped, 830' inner-well spacing, modelling shows greater than 1000' ; unbounded to east "
IBIS,31,PA,MARCELLUS,5508,146,134,0.7,6.37%,34.89%,0.00%,65.11%,0.57,0.00%,0.00%,0.00%,,30,,100,100,30,,,8757.909,830,33,151,4.58,,,,"                                                    13,598,370 ",,7389,8399,15788,143.2309402,60, Initial Config ,Tubing,Gray,1.995,2.375,8111,4.778,15803,,,15803,,,,,,,,,,,,,,,,,,,,,,,,,,,,,,,,,,,,,,,,,,,,," CLUSTER UNBOUND; co-devoloped, 830' inner-well spacing, modelling shows greater than 1000' ; unbounded to east "
EGRET,32,PA,MARCELLUS,5227,134,143,0.7,8.11%,43.59%,0.00%,56.41%,0.57,0.00%,0.00%,0.00%,,30,,100,100,30,,,7441.235,,14,70,5,,,,"                                                          8,605,550 ",,5584,7580,13164,133.74,60, Initial Config ,Tubing,Gray,2.441,2.875,7299,4.778,13274,,,13274,,,,,,,,,,,,,,,,,,,,,,,,,,,,,,,,,,,,,,,,,,,,, unbounded; Largest CUM in Marcellus 
PHEASANT,33,PA,MARCELLUS,4450,130,142,0.7,7.86%,39.28%,0.00%,60.72%,0.57,0.00%,0.00%,0.00%,,30,,100,100,30,,,6721.11,1800,40,127,3.17,,,,"                                                            18,250,968 ",,5954,6747,12701,130.16,60, Initial Config ,Casing,Gray,,,,4.778,12831,,,12831,,,,,,,,,,,,,,,,,,,,,,,,,,,,,,,,,,,,,,,,,,,,," SINGLE; Modern Completion design, high Ark and clean data "
MACAW,34,PA,MARCELLUS - UPPER,4609,135,164,0.7,6.52%,27.00%,0.00%,73.00%,0.57,0.00%,0.00%,0.00%,,30,,100,100,30,,,7662.86,1500,51,253,5,,,,"                          25,754,836 ",,9447,7748,17195,135,80, Initial Config ,Casing,Gray,,,,4.778,17331,,,17331,,,,,,,,,,,,,,,,,,,,,,,,,,,,,,,,,,,,,,,,,,,,, 1500' innerwell unbounded exterior 
FLAMINGO,35,PA,MARCELLUS - UPPER,4500,135,164,0.7,6.52%,27.00%,0.00%,73.00%,0.57,0.00%,0.00%,0.00%,,30,,100,100,30,,,7651.15,1500,47,233,5,,,,"                          24,374,215 ",,9218,7779,16997,135,80, Initial Config ,Casing,Gray,,,,4.778,17140,,,17140,,,,,,,,,,,,,,,,,,,,,,,,,,,,,,,,,,,,,,,,,,,,, 1500' innerwell unbounded exterior 
PEACOCK,36,PA,MARCELLUS - UPPER,3150,125,231,0.7,6.75%,27.00%,0.00%,73.00%,0.57,0.00%,0.00%,0.00%,,30,,100,100,30,,,6936.15,1500,75,373,5,,,,"                          38,875,334 ",,13011,6948,19959,125,60, Initial Config ,Casing,Gray,,,,4.778,20088,,,20088,,,,,,,,,,,,,,,,,,,,,,,,,,,,,,,,,,,,,,,,,,,,, 1500' innerwell unbounded exterior 
PENGUIN,37,PA,MARCELLUS - UPPER,3400,125,232,0.7,6.72%,26.00%,0.00%,74.00%,0.57,0.00%,0.00%,0.00%,,30,,100,100,30,,,6944.14,1500,52,258,5,,,,"                          26,695,450 ",,12940,7193,20133,125,60, Initial Config ,Casing,Gray,,,,4.778,20263,,,20263,,,,,,,,,,,,,,,,,,,,,,,,,,,,,,,,,,,,,,,,,,,,, 1500' innerwell unbounded exterior 
ALBATROSS,38,PA,MARCELLUS - UPPER,5000,126,170,0.7,6.39%,38.00%,0.00%,62.00%,0.57,0.00%,0.00%,0.00%,,30,,100,100,30,,,7698.57,,13,65,5,,,,"                                       6,756,861 ",,2268,7781,10049,126,65, Initial Config ,Tubing,Gray,1.995,2.375,7839,4.778,10136,,,10136,,,,,,,,,,,,,,,,,,,,,,,,,,,,,,,,,,,,,,,,,,,,, Unbounded 
PELICAN,39,PA,MARCELLUS - UPPER,2500,136,245,0.7,5.31%,40.00%,0.00%,60.00%,0.57,0.00%,0.00%,0.00%,,30,,100,100,30,,,7599.22,1200,26,130,5,,,,"                          13,662,881 ",,6415,7794,14209,136,60, Initial Config ,Casing,Gray,,,,4.778,14226,,,14226,421,Tubing,Gray,1.995,2.375,7656.9,4.778,14226,,,14226,,,,,,,,,,,,,,,,,,,,,,,,,,,,,,,,,, 1200' innerwell unbounded exterior 
OWL,40,PA,MARCELLUS - UPPER,2200,136,246,0.7,5.29%,39.00%,0.00%,61.00%,0.57,0.00%,0.00%,0.00%,,30,,100,100,30,,,7588.21,1200,27,135,5,,,,"                          14,163,366 ",,6701,7786,14487,136,60, Initial Config ,Casing,Gray,,,,4.778,14504,,,14504,424,Tubing,Gray,1.995,2.375,7868.2,4.778,14504,,,14504,,,,,,,,,,,,,,,,,,,,,,,,,,,,,,,,,, 1200' innerwell unbounded exterior 
FINCH,41,PA,MARCELLUS - UPPER,4300,133,177,0.7,7.23%,41.29%,0.00%,58.71%,0.57,0.00%,0.00%,0.00%,,30,,100,100,30,,,7635.03,1700,44,222,5,,,,"                                             20,508,723 ",,5644,7674,13318,133.04,80, Initial Config ,Tubing,Gray,2.441,2.875,7381.5,4.778,13419,,,13419,,,,,,,,,,,,,,,,,,,,,,,,,,,,,,,,,,,,,,,,,,,,, 1700' 
ROBIN,42,PA,MARCELLUS - UPPER,4100,133,177,0.7,7.23%,41.28%,0.00%,58.72%,0.57,0.00%,0.00%,0.00%,,30,,100,100,30,,,7555.8,1700,30,141,5,,,,"                                             14,092,650 ",,4956,7544,12500,133.001,80, Initial Config ,Tubing,Gray,2.441,2.875,7357.9,4.778,12649,,,12649,,,,,,,,,,,,,,,,,,,,,,,,,,,,,,,,,,,,,,,,,,,,, 1700' 
BLUEBIRD,43,PA,MARCELLUS - UPPER,4200,125,241,0.7,6.03%,35.00%,0.00%,65.00%,0.57,0.00%,0.00%,0.00%,,30,,100,100,30,,,7503.32,1500,49,196,4,,,,"                                                20,540,377 ",,6818,7319,14137,133,80, Initial Config ,Casing,Gray,,,,4.778,14174,,,14174,381,Tubing,Gray,2.441,2.875,7603.86,4.778,14174,,,14174,,,,,,,,,,,,,,,,,,,,,,,,,,,,,,,,,, 1500' innerwell unbounded exterior 
CANARY,44,PA,MARCELLUS - UPPER,4300,133,241,0.7,6.03%,35.00%,0.00%,65.00%,0.57,0.02%,0.00%,0.24%,,30,,100,100,30,,,7521.98,1500,46,185,4,,,,"                                                        25,367,923 ",,6607,7869,14476,133,80, Initial Config ,Casing,Gray,,,,4.778,14491,,,14491,381,Tubing,Gray,2.441,2.875,6724.5,4.778,14491,,,14491,,,,,,,,,,,,,,,,,,,,,,,,,,,,,,,,,, 1500' innerwell unbounded exterior 
SEAGULL,45,PA,MARCELLUS - UPPER,4400,136,230,0.7,5.99%,43.00%,0.00%,57.00%,0.57,0.00%,0.00%,0.00%,,30,,100,100,30,,,7305.07,1300,61,303,5,,,,"                          31,532,947 ",,10667,7410,18077,135,80, Initial Config ,Casing,Gray,,,,4.778,18211,,,18211,,,,,,,,,,,,,,,,,,,,,,,,,,,,,,,,,,,,,,,,,,,,, 1300' innerwell unbounded exterior 
HUMMINGBIRD,46,PA,MARCELLUS - UPPER,4000,136,230,0.7,5.99%,43.00%,0.00%,57.00%,0.57,0.00%,0.00%,0.00%,,30,,100,100,30,,,7284.64,1300,41,203,5,,,,"                          21,395,323 ",,10214,7499,17713,135,80, Initial Config ,Casing,Gray,,,,4.778,17841,,,17841,,,,,,,,,,,,,,,,,,,,,,,,,,,,,,,,,,,,,,,,,,,,, 1300' innerwell unbounded exterior 
PHOENIX,47,PA,MARCELLUS - UPPER,4450,137,232,0.7,5.87%,47.00%,0.00%,53.00%,0.57,0.00%,0.00%,0.00%,,30,,100,100,30,,,7190.42,900,29,141,5,,,,"                             14,860,164 ",,6942,7381,14323,136,80, Initial Config ,Casing,Gray,,,,4.778,14450,,,14450,306,Tubing,Gray,2.323,2.875,7571.3,4.778,14450,,,14450,,,,,,,,,,,,,,,,,,,,,,,,,,,,,,,,,, 900' innerwell unbounded exterior 
TOUCAN,48,PA,MARCELLUS - UPPER,3900,137,232,0.7,5.87%,47.00%,0.00%,53.00%,0.57,0.00%,0.00%,0.00%,,30,,100,100,30,,,7204.55,900,28,138,5,,,,"                             11,178,400 ",,6712,7308,14020,136,80, Initial Config ,Casing,Gray,,,,4.778,14155,,,14155,305,Tubing,Gray,2.323,2.875,7552.61,4.778,14155,,,14155,,,,,,,,,,,,,,,,,,,,,,,,,,,,,,,,,, 900' innerwell unbounded exterior 
GOOSE,49,PA,MARCELLUS - UPPER,5200,134,223,0.7,6.17%,40.22%,0.00%,59.78%,0.57,0.00%,0.00%,0.00%,,30,,100,100,30,,,7309.8,,7,49,7,,,,"                             5,079,200 ",,4787,7550,12337,133.611,60, Initial Config ,Tubing,Gray,1.995,2.375,7699,4.778,12442,,,12442,,,,,,,,,,,,,,,,,,,,,,,,,,,,,,,,,,,,,,,,,,,,, Unbounded 
